name,orientdb,neo4j,arangodb
insert_users,4.846250534057617,57.403008460998535,3.6155307292938232
insert_books,34.91001534461975,586.1064491271973,34.31158113479614
insert_tags,98.35539698600769,2382.337678194046,111.75830078125
insert_reads,540.6958763599396,867.456800699234,121.32052850723267
insert_tagged_to,8168.2006866931915,3978.3435583114624,452.6589620113373
insert_follows,412.60537099838257,2167.855123281479,199.78607034683228
insert_likes,2156.4783391952515,2975.3488159179688,400.033851146698
